"ID","response_type","percentage"
"111","Correct",75.3521126760563
"111","Incorrect",24.6478873239437
"112233","Correct",82.3943661971831
"112233","Incorrect",17.6056338028169
"12345678","Correct",82.3943661971831
"12345678","Incorrect",17.6056338028169
"2222","Correct",83.0985915492958
"2222","Incorrect",16.9014084507042
"23","Correct",71.830985915493
"23","Incorrect",28.169014084507
"88","Correct",78.169014084507
"88","Incorrect",21.830985915493
